background,genotype,rep,RLU_per_uL
WH1_D614G,wt,1,255660.32
WH1_D614G,wt,2,208439.04
WH1_D614G,wt,3,130711.68
WH1_D614G,Y449H,1,203249.76
WH1_D614G,Y449H,2,193178.08
WH1_D614G,Y449H,3,164945.2
WH1_D614G,N501Y,1,205274.5867
WH1_D614G,N501Y,2,196214.8
WH1_D614G,N501Y,3,98177.04
WH1_D614G,Y449H/N501Y,1,179268.1333
WH1_D614G,Y449H/N501Y,2,225072.32
WH1_D614G,Y449H/N501Y,3,165827.7867
WH1_D614G,none,1,5.306666667
WH1_D614G,none,2,16.42666667
WH1_D614G,none,3,1.333333333
omicron,wt,1,199709.26
omicron,wt,2,170775.74
omicron,wt,3,212524.7833
omicron,R498Q,1,92792.46667
omicron,R498Q,2,55823.42
omicron,R498Q,3,155988.84
omicron,Y501N,1,85502.36667
omicron,Y501N,2,373526.98
omicron,Y501N,3,36211.41
omicron,R498Q/Y501N,1,80548.09333
omicron,R498Q/Y501N,2,82819.21
omicron,R498Q/Y501N,3,70610.06
omicron,none,1,1.183333333
omicron,none,2,10.73
omicron,none,3,0.05